<?xml version="1.0" ?>
<LOG_ROOT>
	<PROJECT NAME="ex2_qsim">
		<CBX_INST_ENTRY INSTANCE_NAME="|ex2|rom1:inst3|altsyncram:altsyncram_component|altsyncram_6cb1:auto_generated|sld_mod_ram_rom:mgl_prim2|sld_rom_sr:\ram_rom_logic_gen:name_gen:info_rom_sr|lpm_mux:Mux2" CBX_FILE_NAME="mux_jtc.tdf"/>
		<CBX_INST_ENTRY INSTANCE_NAME="|ex2|sld_hub:auto_hub|sld_jtag_hub:\jtag_hub_gen:sld_jtag_hub_inst|sld_rom_sr:hub_info_reg|lpm_mux:Mux2" CBX_FILE_NAME="mux_jtc.tdf"/>
		<CBX_INST_ENTRY INSTANCE_NAME="|ex2|ram:inst13|altsyncram:altsyncram_component|altsyncram_4gk1:auto_generated|sld_mod_ram_rom:mgl_prim2|sld_rom_sr:\ram_rom_logic_gen:name_gen:info_rom_sr|lpm_mux:Mux2" CBX_FILE_NAME="mux_jtc.tdf"/>
		<CBX_INST_ENTRY INSTANCE_NAME="|ex2|rom1:inst3|altsyncram:altsyncram_component" CBX_FILE_NAME="altsyncram_6cb1.tdf"/>
		<CBX_INST_ENTRY INSTANCE_NAME="|ex2|rom1:inst3|altsyncram:altsyncram_component|altsyncram_6cb1:auto_generated|sld_mod_ram_rom:mgl_prim2|sld_rom_sr:\ram_rom_logic_gen:name_gen:info_rom_sr|lpm_mux:Mux3" CBX_FILE_NAME="mux_jtc.tdf"/>
		<CBX_INST_ENTRY INSTANCE_NAME="|ex2|sld_hub:auto_hub|lpm_mux:Mux2" CBX_FILE_NAME="mux_rrc.tdf"/>
		<CBX_INST_ENTRY INSTANCE_NAME="|ex2|sld_hub:auto_hub|sld_jtag_hub:\jtag_hub_gen:sld_jtag_hub_inst|sld_rom_sr:hub_info_reg|lpm_mux:Mux3" CBX_FILE_NAME="mux_jtc.tdf"/>
		<CBX_INST_ENTRY INSTANCE_NAME="|ex2|ram:inst13|altsyncram:altsyncram_component|altsyncram_4gk1:auto_generated|sld_mod_ram_rom:mgl_prim2|sld_rom_sr:\ram_rom_logic_gen:name_gen:info_rom_sr|lpm_mux:Mux3" CBX_FILE_NAME="mux_jtc.tdf"/>
		<CBX_INST_ENTRY INSTANCE_NAME="|ex2|rom1:inst3|altsyncram:altsyncram_component|altsyncram_6cb1:auto_generated|sld_mod_ram_rom:mgl_prim2|sld_rom_sr:\ram_rom_logic_gen:name_gen:info_rom_sr|lpm_mux:Mux0" CBX_FILE_NAME="mux_jtc.tdf"/>
		<CBX_INST_ENTRY INSTANCE_NAME="|ex2|sld_hub:auto_hub|lpm_mux:Mux3" CBX_FILE_NAME="mux_rrc.tdf"/>
		<CBX_INST_ENTRY INSTANCE_NAME="|ex2|sld_hub:auto_hub|sld_jtag_hub:\jtag_hub_gen:sld_jtag_hub_inst|sld_rom_sr:hub_info_reg|lpm_mux:Mux0" CBX_FILE_NAME="mux_jtc.tdf"/>
		<CBX_INST_ENTRY INSTANCE_NAME="|ex2|ram:inst13|altsyncram:altsyncram_component" CBX_FILE_NAME="altsyncram_4gk1.tdf"/>
		<CBX_INST_ENTRY INSTANCE_NAME="|ex2|ram:inst13|altsyncram:altsyncram_component|altsyncram_4gk1:auto_generated|sld_mod_ram_rom:mgl_prim2|sld_rom_sr:\ram_rom_logic_gen:name_gen:info_rom_sr|lpm_mux:Mux0" CBX_FILE_NAME="mux_jtc.tdf"/>
		<CBX_INST_ENTRY INSTANCE_NAME="|ex2|rom1:inst3|altsyncram:altsyncram_component|altsyncram_6cb1:auto_generated|sld_mod_ram_rom:mgl_prim2|sld_rom_sr:\ram_rom_logic_gen:name_gen:info_rom_sr|lpm_mux:Mux1" CBX_FILE_NAME="mux_jtc.tdf"/>
		<CBX_INST_ENTRY INSTANCE_NAME="|ex2|sld_hub:auto_hub|lpm_mux:Mux0" CBX_FILE_NAME="mux_rrc.tdf"/>
		<CBX_INST_ENTRY INSTANCE_NAME="|ex2|sld_hub:auto_hub|sld_jtag_hub:\jtag_hub_gen:sld_jtag_hub_inst|sld_rom_sr:hub_info_reg|lpm_mux:Mux1" CBX_FILE_NAME="mux_jtc.tdf"/>
		<CBX_INST_ENTRY INSTANCE_NAME="|ex2|ram:inst13|altsyncram:altsyncram_component|altsyncram_4gk1:auto_generated|sld_mod_ram_rom:mgl_prim2|sld_rom_sr:\ram_rom_logic_gen:name_gen:info_rom_sr|lpm_mux:Mux1" CBX_FILE_NAME="mux_jtc.tdf"/>
		<CBX_INST_ENTRY INSTANCE_NAME="|ex2|sld_hub:auto_hub|lpm_mux:Mux1" CBX_FILE_NAME="mux_rrc.tdf"/>
	</PROJECT>
</LOG_ROOT>
